{"count":1,"gauges":{},"self":91.443328,"total":112.4888857,"children":{"AgentResetIfDone":{"count":5600,"self":0.0391194,"total":0.0391194,"children":null},"AgentSendState":{"count":5600,"self":0.1349456,"total":15.097103299999999,"children":{"CollectObservations":{"count":5600,"self":14.9621584,"total":14.962157699999999,"children":null}}},"DecideAction":{"count":5600,"self":5.7153659999999995,"total":5.7153659,"children":null},"AcademyStep":{"count":5600,"self":0.0099983,"total":0.0099983,"children":null},"AgentAct":{"count":5600,"self":0.1819708,"total":0.1819708,"children":null}}}