{"count":1,"self":18.883096,"total":319.3112455,"children":{"AgentResetIfDone":{"count":8042,"self":0.0761316,"total":0.0761316,"children":null},"AgentSendState":{"count":8042,"self":0.6771039,"total":93.86378959999999,"children":{"CollectObservations":{"count":32176,"self":93.18668799999999,"total":93.1866857,"children":null}}},"DecideAction":{"count":8042,"self":205.2812416,"total":205.67433309999998,"children":{"AgentInfo.ToProto":{"count":2011,"self":0.3930857,"total":0.3930857,"children":null}}},"AcademyStep":{"count":8042,"self":0.014977299999999999,"total":0.014977299999999999,"children":null},"AgentAct":{"count":8042,"self":0.7979194,"total":0.7979194,"children":null}}}