{"count":1,"gauges":{},"self":120.50440959999999,"total":145.6095442,"children":{"AgentResetIfDone":{"count":7220,"self":0.076812499999999992,"total":0.076812499999999992,"children":null},"AgentSendState":{"count":7220,"self":0.1910618,"total":21.3973585,"children":{"CollectObservations":{"count":7220,"self":21.206296,"total":21.2062967,"children":null}}},"DecideAction":{"count":7220,"self":3.3490987999999997,"total":3.3490987,"children":null},"AcademyStep":{"count":7220,"self":0.0169861,"total":0.0169861,"children":null},"AgentAct":{"count":7220,"self":0.2638812,"total":0.2638812,"children":null}}}