{"count":1,"gauges":{},"self":35.9893376,"total":50.4199962,"children":{"AgentResetIfDone":{"count":2197,"self":0.015004199999999999,"total":0.015004199999999999,"children":null},"AgentSendState":{"count":2197,"self":0.095940799999999993,"total":14.4146542,"children":{"CollectObservations":{"count":6591,"self":14.318713599999999,"total":14.3187134,"children":null}}}}}