{
  "name": "root",
  "gauges": [
    {
      "name": "AircraftLearning.mean_reward",
      "value": 0.3801904020289103,
      "min": -1.5228519950844173,
      "max": 0.3801904020289103,
      "count": 16
    }
  ],
  "total": 2202.4883004,
  "count": 1,
  "self": 27.06875629999331,
  "children": [
    {
      "name": "TrainerController.advance",
      "total": 2175.4195441000065,
      "count": 33656,
      "self": 84.56592759999467,
      "children": [
        {
          "name": "env_step",
          "total": 1878.508015600011,
          "count": 33656,
          "self": 1851.404355500011,
          "children": [
            {
              "name": "SubprocessEnvManager._take_step",
              "total": 26.69337610001316,
              "count": 33656,
              "self": 0.7741499000126524,
              "children": [
                {
                  "name": "PPOPolicy.evaluate",
                  "total": 25.91922620000051,
                  "count": 33656,
                  "self": 25.91922620000051
                }
              ]
            },
            {
              "name": "workers",
              "total": 0.4102839999868326,
              "count": 33655,
              "self": 0.0,
              "children": [
                {
                  "name": "worker_root",
                  "total": 2139.7316006,
                  "count": 33655,
                  "is_parallel": true,
                  "self": 370.6145882000176,
                  "children": [
                    {
                      "name": "UnityEnvironment.step",
                      "total": 1769.1170123999825,
                      "count": 33655,
                      "is_parallel": true,
                      "self": 23.986179599979323,
                      "children": [
                        {
                          "name": "UnityEnvironment._generate_step_input",
                          "total": 5.211727100005772,
                          "count": 33655,
                          "is_parallel": true,
                          "self": 5.211727100005772
                        },
                        {
                          "name": "communicator.exchange",
                          "total": 1739.9191056999973,
                          "count": 33655,
                          "is_parallel": true,
                          "self": 1739.9191056999973
                        }
                      ]
                    }
                  ]
                }
              ]
            }
          ]
        },
        {
          "name": "update_policy",
          "total": 212.34560090000102,
          "count": 127,
          "self": 92.95703730000457,
          "children": [
            {
              "name": "PPOPolicy.update",
              "total": 119.38856359999644,
              "count": 6096,
              "self": 119.38856359999644
            }
          ]
        }
      ]
    }
  ]
}